7975732	natanhc
9139562	nortonlimajr
14979793	esterk
16583417	AndreaFigueired
16831263	kaplan_
20985698	BrunoFigueiro
22095079	FeGaMa
26491416	RosaACL
27198519	bruno_moreira
27626930	pathayde
28426876	maribergo
29852001	jpengelbrecht
31014828	giovannajonessz
33967140	KlevSPFC
34071111	carol_kd
36091521	juniojuca
37788340	marcoantoniojr
38335260	SaoBlack
39091214	djmts
39702709	mid0rii
42728566	FlavioCS09
43714489	georgelemos1986
45050644	netopb
48045758	paulakyrillos
49336663	DOMDIEGO27
50607928	lucajor
50699311	dannizinhafs
51098322	fernandomtbxc
51448408	_danigarcia_
51489110	casalfotografia
52787615	dmmaranhao
53544553	edinhotbt
54060969	thiagonnes
56095714	Carlaegu
56406569	_____DANNY_____
57345206	eduardobadu
57869243	HugoFeijo
58369336	luHammer
59125888	jmendesalves
60608530	teugoes3
61075122	JonasMo
64874420	ximenesmateus
66693020	JackieFazArte
69315827	niiackermann
69674977	FrancielyVieira
71177669	cellyborges
72211189	zblira
73437049	thiagogoncalvez
78012637	atlsantacruz
78116993	gabiscaetano
80390973	Jorgelorde
82660254	Kelvynk
86219322	luannasaraiva
86530188	FefOrock
98008255	soniasalim
109344186	betarrodrigues
111195511	alvarez_dan
118179053	Jorgecvf
121549233	geisonssoares
121766453	bibliotecadoces
122477265	souquemsou2010
122654686	dio_adriano
123396325	anahelenaraposo
126066005	absolutanatal
128124649	diegonogueira8
131132623	patrulhadalama
153965951	furadamtv
167445005	pullitzer
167618620	arnonfrv
169333247	AvellarVelloso
172915645	lilrnz
184792283	fmisotermico
186896437	Fabinho_SCCP90
187784581	deby_kakol
189440045	multartebrasil
194742706	andrezaosousa
195465450	vivis_fv
213910037	rennerhenrike
214950250	larissazilio
215710466	waldeterossi
217554494	VickSafraGay
218307612	keviincosta
231511787	guaranaredentor
232653269	SuelenSurreal
237546666	monahnascimento
238973021	felixdan14
241151811	Paulista46
243597654	gumarreiros
246549223	DavidVindas87
252115773	MatheusFormariz
255477790	PortalCSC
256646707	LuaNmrv
258136765	paulinha_rara
258593740	ThiagoZuliani_
